{
    "1920x1080": {
        "scale_factor": 0.2671067019880024,
        "img_offset": [
            0,
            0
        ]
    },
    "800x480": {
        "scale_factor": 0.11969722503539942,
        "img_offset": [
            0.5474263952000911,
            5.927755817149972
        ]
    }
}