{
    "1920x1080": {
        "scale_factor": 0.2671067019880024,
        "img_offset": [
            0,
            0
        ]
    },
    "800x480": {
        "scale_factor": 0.13985100761042074,
        "img_offset": [
            0,
            0
        ]
    }
}